Workbook

Sheet Production Data
A1: Column1 | B1: Line | C1: Shift | D1: Product | E1: Produced_Units | F1: Defect_Count | G1: Downtime_Minutes | H1: Good_Units | I1: Defect_Rate | J1: Production_Efficiency | K1: Category | L1: Target_Units | O1: Product Name
A2: 46023 | B2: Line A | C2: Morning | D2: P-102 | E2: 889 | F2: 13 | G2: 77 | H2: 876 | I2: 1.4623172 | J2: 98.537683 | K2: =_xlfn.XLOOKUP(tblProduction[[#This Row],[Product]],tblProducts[Product],tblProducts[Category],"Not Found") -> Precision | L2: =_xlfn.XLOOKUP(tblProduction[[#This Row],[Product]],tblProducts[Product],tblProducts[Target_Units],"Not Found") -> 950 | O2: =_xlfn.XLOOKUP(tblProduction[[#This Row],[Product]],tblProducts[Product],tblProducts[Product Name], "Not Found") -> Precision Component
A3: 46023 | B3: Line A | C3: Evening | D3: P-102 | E3: 918 | F3: 13 | G3: 28 | H3: 905 | I3: 1.416122 | J3: 98.583878 | K3: =_xlfn.XLOOKUP(tblProduction[[#This Row],[Product]],tblProducts[Product],tblProducts[Category],"Not Found") -> Precision | L3: =_xlfn.XLOOKUP(tblProduction[[#This Row],[Product]],tblProducts[Product],tblProducts[Target_Units],"Not Found") -> 950 | O3: =_xlfn.XLOOKUP(tblProduction[[#This Row],[Product]],tblProducts[Product],tblProducts[Product Name], "Not Found") -> Precision Component
A4: 46023 | B4: Line A | C4: Night | D4: P-104 | E4: 746 | F4: 24 | G4: 35 | H4: 722 | I4: 3.2171582 | J4: 96.782842 | K4: =_xlfn.XLOOKUP(tblProduction[[#This Row],[Product]],tblProducts[Product],tblProducts[Category],"Not Found") -> Assembly | L4: =_xlfn.XLOOKUP(tblProduction[[#This Row],[Product]],tblProducts[Product],tblProducts[Target_Units],"Not Found") -> 850 | O4: =_xlfn.XLOOKUP(tblProduction[[#This Row],[Product]],tblProducts[Product],tblProducts[Product Name], "Not Found") -> Complex Assembly
A5: 46023 | B5: Line B | C5: Morning | D5: P-101 | E5: 962 | F5: 24 | G5: 31 | H5: 938 | I5: 2.4948025 | J5: 97.505198 | K5: =_xlfn.XLOOKUP(tblProduction[[#This Row],[Product]],tblProducts[Product],tblProducts[Category],"Not Found") -> Standard | L5: =_xlfn.XLOOKUP(tblProduction[[#This Row],[Product]],tblProducts[Product],tblProducts[Target_Units],"Not Found") -> 1000 | O5: =_xlfn.XLOOKUP(tblProduction[[#This Row],[Product]],tblProducts[Product],tblProducts[Product Name], "Not Found") -> Standart Component
A6: 46023 | B6: Line B | C6: Evening | D6: P-104 | E6: 716 | F6: 23 | G6: 71 | H6: 693 | I6: 3.2122905 | J6: 96.787709 | K6: =_xlfn.XLOOKUP(tblProduction[[#This Row],[Product]],tblProducts[Product],tblProducts[Category],"Not Found") -> Assembly | L6: =_xlfn.XLOOKUP(tblProduction[[#This Row],[Product]],tblProducts[Product],tblProducts[Target_Units],"Not Found") -> 850
A7: 46023 | B7: Line B | C7: Night | D7: P-102 | E7: 783 | F7: 27 | G7: 12 | H7: 756 | I7: 3.4482759 | J7: 96.551724 | K7: =_xlfn.XLOOKUP(tblProduction[[#This Row],[Product]],tblProducts[Product],tblProducts[Category],"Not Found") -> Precision | L7: =_xlfn.XLOOKUP(tblProduction[[#This Row],[Product]],tblProducts[Product],tblProducts[Target_Units],"Not Found") -> 950
A8: 46023 | B8: Line C | C8: Morning | D8: P-101 | E8: 807 | F8: 28 | G8: 60 | H8: 779 | I8: 3.4696406 | J8: 96.530359 | K8: =_xlfn.XLOOKUP(tblProduction[[#This Row],[Product]],tblProducts[Product],tblProducts[Category],"Not Found") -> Standard | L8: =_xlfn.XLOOKUP(tblProduction[[#This Row],[Product]],tblProducts[Product],tblProducts[Target_Units],"Not Found") -> 1000
A9: 46023 | B9: Line C | C9: Evening | D9: P-104 | E9: 660 | F9: 28 | G9: 68 | H9: 632 | I9: 4.2424242 | J9: 95.757576 | K9: =_xlfn.XLOOKUP(tblProduction[[#This Row],[Product]],tblProducts[Product],tblProducts[Category],"Not Found") -> Assembly | L9: =_xlfn.XLOOKUP(tblProduction[[#This Row],[Product]],tblProducts[Product],tblProducts[Target_Units],"Not Found") -> 850
A10: 46023 | B10: Line C | C10: Night | D10: P-104 | E10: 576 | F10: 30 | G10: 67 | H10: 546 | I10: 5.2083333 | J10: 94.791667 | K10: =_xlfn.XLOOKUP(tblProduction[[#This Row],[Product]],tblProducts[Product],tblProducts[Category],"Not Found") -> Assembly | L10: =_xlfn.XLOOKUP(tblProduction[[#This Row],[Product]],tblProducts[Product],tblProducts[Target_Units],"Not Found") -> 850
A11: 46024 | B11: Line A | C11: Morning | D11: P-102 | E11: 961 | F11: 14 | G11: 40 | H11: 947 | I11: 1.4568158 | J11: 98.543184 | K11: =_xlfn.XLOOKUP(tblProduction[[#This Row],[Product]],tblProducts[Product],tblProducts[Category],"Not Found") -> Precision | L11: =_xlfn.XLOOKUP(tblProduction[[#This Row],[Product]],tblProducts[Product],tblProducts[Target_Units],"Not Found") -> 950
A12: 46024 | B12: Line A | C12: Evening | D12: P-102 | E12: 967 | F12: 14 | G12: 24 | H12: 953 | I12: 1.4477766 | J12: 98.552223 | K12: =_xlfn.XLOOKUP(tblProduction[[#This Row],[Product]],tblProducts[Product],tblProducts[Category],"Not Found") -> Precision | L12: =_xlfn.XLOOKUP(tblProduction[[#This Row],[Product]],tblProducts[Product],tblProducts[Target_Units],"Not Found") -> 950
A13: 46024 | B13: Line A | C13: Night | D13: P-101 | E13: 818 | F13: 20 | G13: 78 | H13: 798 | I13: 2.4449878 | J13: 97.555012 | K13: =_xlfn.XLOOKUP(tblProduction[[#This Row],[Product]],tblProducts[Product],tblProducts[Category],"Not Found") -> Standard | L13: =_xlfn.XLOOKUP(tblProduction[[#This Row],[Product]],tblProducts[Product],tblProducts[Target_Units],"Not Found") -> 1000
A14: 46024 | B14: Line B | C14: Morning | D14: P-102 | E14: 808 | F14: 20 | G14: 79 | H14: 788 | I14: 2.4752475 | J14: 97.524752 | K14: =_xlfn.XLOOKUP(tblProduction[[#This Row],[Product]],tblProducts[Product],tblProducts[Category],"Not Found") -> Precision | L14: =_xlfn.XLOOKUP(tblProduction[[#This Row],[Product]],tblProducts[Product],tblProducts[Target_Units],"Not Found") -> 950
A15: 46024 | B15: Line B | C15: Evening | D15: P-103 | E15: 850 | F15: 21 | G15: 18 | H15: 829 | I15: 2.4705882 | J15: 97.529412 | K15: =_xlfn.XLOOKUP(tblProduction[[#This Row],[Product]],tblProducts[Product],tblProducts[Category],"Not Found") -> Assembly | L15: =_xlfn.XLOOKUP(tblProduction[[#This Row],[Product]],tblProducts[Product],tblProducts[Target_Units],"Not Found") -> 900
A16: 46024 | B16: Line B | C16: Night | D16: P-101 | E16: 814 | F16: 28 | G16: 17 | H16: 786 | I16: 3.4398034 | J16: 96.560197 | K16: =_xlfn.XLOOKUP(tblProduction[[#This Row],[Product]],tblProducts[Product],tblProducts[Category],"Not Found") -> Standard | L16: =_xlfn.XLOOKUP(tblProduction[[#This Row],[Product]],tblProducts[Product],tblProducts[Target_Units],"Not Found") -> 1000
A17: 46024 | B17: Line C | C17: Morning | D17: P-103 | E17: 744 | F17: 26 | G17: 49 | H17: 718 | I17: 3.4946237 | J17: 96.505376 | K17: =_xlfn.XLOOKUP(tblProduction[[#This Row],[Product]],tblProducts[Product],tblProducts[Category],"Not Found") -> Assembly | L17: =_xlfn.XLOOKUP(tblProduction[[#This Row],[Product]],tblProducts[Product],tblProducts[Target_Units],"Not Found") -> 900
... A1610: 46203 | B1610: Line C | C1610: Night | D1610: P-103 | E1610: 588 | F1610: 26 | G1610: 87 | H1610: 562 | I1610: 4.4217687 | J1610: 95.578231 | K1610: =_xlfn.XLOOKUP(tblProduction[[#This Row],[Product]],tblProducts[Product],tblProducts[Category],"Not Found") -> Assembly | L1610: =_xlfn.XLOOKUP(tblProduction[[#This Row],[Product]],tblProducts[Product],tblProducts[Target_Units],"Not Found") -> 900

Sheet Line Analysis
A1: Production Line | B1: Total Production | C1: Total Defects | D1: Total Downtime | E1: Defect Rate
A2: Line A | B2: =SUMIFS(tblProduction[Produced_Units], tblProduction[Line], A2) -> 485490 | C2: =SUMIFS(tblProduction[Defect_Count], tblProduction[Line], 'Line Analysis'!A2) -> 9469 | D2: =SUMIFS(tblProduction[Downtime_Minutes], tblProduction[Line],'Line Analysis'!A2) -> 24721 | E2: =IFERROR(C2/B2, 0) -> 0.019504006
A3: Line B | B3: =SUMIFS(tblProduction[Produced_Units], tblProduction[Line], A3) -> 428180 | C3: =SUMIFS(tblProduction[Defect_Count], tblProduction[Line], 'Line Analysis'!A3) -> 12519 | D3: =SUMIFS(tblProduction[Downtime_Minutes], tblProduction[Line],'Line Analysis'!A3) -> 25017 | E3: =IFERROR(C3/B3, 0) -> 0.029237704
A4: Line C | B4: =SUMIFS(tblProduction[Produced_Units], tblProduction[Line], A4) -> 386422 | C4: =SUMIFS(tblProduction[Defect_Count], tblProduction[Line], 'Line Analysis'!A4) -> 15154 | D4: =SUMIFS(tblProduction[Downtime_Minutes], tblProduction[Line],'Line Analysis'!A4) -> 23229 | E4: =IFERROR(C4/B4, 0) -> 0.039216194

Sheet Pivot Analysis
A3: Sum of Produced_Units | B3: Column Labels
A4: Row Labels | B4: P-101 | C4: P-102 | D4: P-103 | E4: P-104 | F4: Grand Total
A5: Morning | B5: 139545 | C5: 122869 | D5: 104075 | E5: 97115 | F5: 463604
A6: Evening | B6: 109138 | C6: 105348 | D6: 111905 | E6: 108087 | F6: 434478
A7: Night | B7: 106044 | C7: 113927 | D7: 93891 | E7: 88148 | F7: 402010
A8: Grand Total | B8: 354727 | C8: 342144 | D8: 309871 | E8: 293350 | F8: 1300092

Sheet Product Info
A1: Product | B1: Product Name | C1: Category | D1: Target_Units
A2: P-101 | B2: Standart Component | C2: Standard | D2: 1000
A3: P-102 | B3: Precision Component | C3: Precision | D3: 950
A4: P-103 | B4: Mechanical Assembly | C4: Assembly | D4: 900
A5: P-104 | B5: Complex Assembly | C5: Assembly | D5: 850

Sheet Product Analysis
A1: Product ID | B1: Product Name | C1: Production Records | D1: Night Shift Records | E1: Total Production | F1: Total Defects | G1: Defect Rate
A2: P-101 | B2: =_xlfn.XLOOKUP('Product Analysis'!A2,tblProducts[Product],tblProducts[Product Name],"Not Found") -> Standart Component | C2: =COUNTIF(tblProduction[Product],'Product Analysis'!A2) -> 404 | D2: =COUNTIFS(tblProduction[Product],'Product Analysis'!A2,tblProduction[Shift],'Production Data'!$C$4) -> 131 | E2: =SUMIF(tblProduction[Product],'Product Analysis'!A2,tblProduction[Produced_Units]) -> 354727 | F2: =SUMIF(tblProduction[Product],'Product Analysis'!A2,tblProduction[Defect_Count]) -> 9320 | G2: =$F2/$E2 -> 0.026273726
A3: P-102 | B3: =_xlfn.XLOOKUP('Product Analysis'!A3,tblProducts[Product],tblProducts[Product Name],"Not Found") -> Precision Component | C3: =COUNTIF(tblProduction[Product],'Product Analysis'!A3) -> 413 | D3: =COUNTIFS(tblProduction[Product],'Product Analysis'!A3,tblProduction[Shift],'Production Data'!$C$4) -> 146 | E3: =SUMIF(tblProduction[Product],'Product Analysis'!A3,tblProduction[Produced_Units]) -> 342144 | F3: =SUMIF(tblProduction[Product],'Product Analysis'!A3,tblProduction[Defect_Count]) -> 9197 | G3: =$F3/$E3 -> 0.026880495
A4: P-103 | B4: =_xlfn.XLOOKUP('Product Analysis'!A4,tblProducts[Product],tblProducts[Product Name],"Not Found") -> Mechanical Assembly | C4: =COUNTIF(tblProduction[Product],'Product Analysis'!A4) -> 397 | D4: =COUNTIFS(tblProduction[Product],'Product Analysis'!A4,tblProduction[Shift],'Production Data'!$C$4) -> 129 | E4: =SUMIF(tblProduction[Product],'Product Analysis'!A4,tblProduction[Produced_Units]) -> 309871 | F4: =SUMIF(tblProduction[Product],'Product Analysis'!A4,tblProduction[Defect_Count]) -> 8440 | G4: =$F4/$E4 -> 0.027237141
A5: P-104 | B5: =_xlfn.XLOOKUP('Product Analysis'!A5,tblProducts[Product],tblProducts[Product Name],"Not Found") -> Complex Assembly | C5: =COUNTIF(tblProduction[Product],'Product Analysis'!A5) -> 395 | D5: =COUNTIFS(tblProduction[Product],'Product Analysis'!A5,tblProduction[Shift],'Production Data'!$C$4) -> 127 | E5: =SUMIF(tblProduction[Product],'Product Analysis'!A5,tblProduction[Produced_Units]) -> 293350 | F5: =SUMIF(tblProduction[Product],'Product Analysis'!A5,tblProduction[Defect_Count]) -> 10185 | G5: =$F5/$E5 -> 0.034719618
